BOROUGH,Cultural Venue Type,site_name,address1,address2,address3,borough_code,borough_name,latitude,longitude,easting,northing,os_addressbase_uprn,ward_2018_code,ward_2018_name,website,gss_code,runtime
Ealing,Archives,National Childbirth Trust,Alexandra House ,Oldham Terrace,,E09000009,Ealing,51.505938426455245,-0.26973939538403474,520180.9673255587,179974.92390992207,12102911,E05000188,South Acton,https://www.nct.org.uk/,E09000009,12/27/2020
Ealing,Archives,Ealing Local History Centre,Central Library ,103 Ealing Broadway Centre ,The Broadway,E09000009,Ealing,51.51233211579817,-0.3023701174739078,517899.967942709,180632.92372817837,12148296,E05000173,Ealing Broadway,https://www.ealing.gov.uk/info/201129/local_history/1888/local_history_centre/1,E09000009,12/27/2020
Ealing,Artists workspaces,Colville Rd,Units 2 and 4,11 Colville Rd,,E09000009,Ealing,51.49926169325689,-0.27372393205347567,519921.96739529504,179225.92411229922,12093573,E05000188,South Acton,www.acava.org,E09000009,12/27/2020
Ealing,Artists workspaces,Vale Grove,Impress House,,,E09000009,Ealing,51.50562536135133,-0.2613360321905066,520764.9671657439,179953.92391517322,12155317,E05000191,Southfield,www.acava.org,E09000009,12/27/2020
Ealing,Artists workspaces,,Singapore Road,West Ealing,,E09000009,Ealing,51.51091069767313,-0.32648898994059716,516230.0083986336,180436.33378215425,12175823,E05000176,Elthorne,,E09000009,12/27/2020
Ealing,Artists workspaces,,135 Dukes Road,,,E09000009,Ealing,51.523803699480226,-0.2823962397938095,519255.96757920634,181940.92337262828,12187273,E05000175,East Acton,http://www.westlondonartfactory.com/about-us,E09000009,12/27/2020
Ealing,Artists workspaces,Queensrolla House,18 Trading Estate Road,,,E09000009,Ealing,51.526280789792715,-0.26921314428187104,520163.96733007557,182237.92329587456,12181846,E05000175,East Acton,http://queensrollahouse.com/,E09000009,12/27/2020
Ealing,Artists workspaces,Park Royal,Unit A/B,28 - 30 Park Royal Rd,,E09000009,Ealing,51.52689275256757,-0.2674167164349132,520286.9672962688,182308.92327660206,12105792,E05000175,East Acton,www.acava.org,E09000009,12/27/2020
Ealing,Artists workspaces,52-56 Standard Road,"Park Royal, London ",,,E09000009,Ealing,51.5283049079184,-0.2637877059509797,520534.96722846513,182471.92323140876,12189460,E05000175,East Acton,www.artistic-spaces.co.uk,E09000009,12/27/2020
Ealing,Artists workspaces,Stewkley House,2 Wadsworth Rd ,,,E09000009,Ealing,51.536201949528795,-0.3176310011458806,516779.9682521172,183262.92301556456,12181269,E05000187,Perivale,www.acava.org,E09000009,12/27/2020
Ealing,Cinemas,Vue Action,Royale Leisure Park,Western Ave,Park Royal,E09000009,Ealing,51.52571185088234,-0.28128645734994784,519327.9676818377,182154.92343682243,000012148223,E05000175,East Acton,,E09000009,12/27/2020
Ealing,Commercial galleries,Pitzhanger Manor House & Gallery,Walpole Park,Mattock Lane,NA,E09000009,Ealing,51.510907569131035,-0.30709229925816767,517575.96815388417,180466.92389570986,12141314,E05000192,Walpole,http://www.pitzhanger.org.uk/#,E09000009,12/27/2020
Ealing,Community centres,Havelock Centre Southall,17 Trubshaw Road, Southall,NA,E09000009,Ealing,51.50132880972878,-0.365944517098434,513515.9692594966,179308.92421186285,12148842,E05000186,Norwood Green,https://www.a2dominion.co.uk/locations/Havelock-Centre-Southall,E09000009,12/27/2020
Ealing,Community centres,Friary Park Community Centre,Joseph Ave, Friary Park, Acton,E09000009,Ealing,51.51631244015117,-0.2634224038994543,520591.9673339417,181138.92371641553,12157376,E05000170,Acton Central,https://www.chg.org.uk/residents/supporting-communities/our-community-centres/,E09000009,12/27/2020
Ealing,Community centres,Jasmine Community Centre,Jasmine Close, 88A Lancaster Road, Southall,E09000009,Ealing,51.51527656063467,-0.3835043049999599,512262.9695988875,180832.92379691522,12142322,E05000189,Southall Broadway,https://www.chg.org.uk/residents/supporting-communities/our-community-centres/,E09000009,12/27/2020
Ealing,Community centres,Westcott Park Community Centre,13 Ferguson Drive, Westcott Park, Acton,E09000009,Ealing,51.51859308060682,-0.25833404631466894,520938.9672400219,181400.9236448246,12105368,E05000175,East Acton,https://www.chg.org.uk/residents/supporting-communities/our-community-centres/,E09000009,12/27/2020
Ealing,Community centres,Windmill Park Community Centre,1 Tulip Close, Chevy Road, Windmill Park,E09000009,Ealing,51.50668437838273,-0.35344682194619076,514369.96902856784,179923.92404601083,12049219,E05000186,Norwood Green,https://www.chg.org.uk/residents/supporting-communities/our-community-centres/,E09000009,12/27/2020
Ealing,Community centres,Rectory Park Community Centre,245 Rectory Park Avenue,Ealing,NA,E09000009,Ealing,51.5341186680699,-0.37917453632189063,512516.96953168995,182934.9232254146,12175709,E05000177,Greenford Broadway,,E09000009,12/27/2020
Ealing,Community centres,Northfields Community Centre,Northcroft Road,Ealing,NA,E09000009,Ealing,51.50102171968251,-0.319388693536055,516747.96838202013,179347.92420142307,12002196,E05000182,Northfield,,E09000009,12/27/2020
Ealing,Community centres,Hanwell Community Centre,Westcott Crescent,Ealing,NA,E09000009,Ealing,51.521099142834515,-0.33560052530965323,515571.96869735955,181554.92360069207,12020472,E05000180,Hobbayne,www.hanwellcc.co.uk,E09000009,12/27/2020
Ealing,Community centres,Greenford Community Centre,170 Oldfield Lane South,Ealing,NA,E09000009,Ealing,51.53511699624917,-0.34887349199636936,514615.96896214376,183092.92318232742,12053972,E05000178,Greenford Green,,E09000009,12/27/2020
Ealing,Community centres,Perivale Community Centre,Horsenden Lane South,Ealing,NA,E09000009,Ealing,51.5410489334817,-0.32518165476639926,516243.96851827006,183789.92299297132,12141327,E05000187,Perivale,www.perivale-community-centre.org.uk,E09000009,12/27/2020
Ealing,Community centres,Viking Community Centre,Radcliffe Way,Ealing,NA,E09000009,Ealing,51.53308990459723,-0.3926344978402987,511585.9697863125,182799.92326305842,12141328,E05000185,Northolt West End,,E09000009,12/27/2020
Ealing,Community centres,Islip Manor Youth and Community Centre,Arnold Road,Ealing,NA,E09000009,Ealing,51.54867475477558,-0.3783546254605999,512537.9695244692,184554.92278431525,12141329,E05000184,Northolt Mandeville,,E09000009,12/27/2020
Ealing,Community centres,Northolt Village Community Centre,Ealing Road,Ealing,NA,E09000009,Ealing,51.54423603091723,-0.3714600399784158,513026.9693925383,184071.9229163311,12141331,E05000184,Northolt Mandeville,,E09000009,12/27/2020
Ealing,Community centres,Northolt Grange Community Centre,Rushdene Crescent,Ealing,NA,E09000009,Ealing,51.53630549499444,-0.40223978099671026,510911.96996940626,183142.92316980852,12142395,E05000185,Northolt West End,,E09000009,12/27/2020
Ealing,Community centres,The Lido Centre,63 Mattock Lane,Ealing,NA,E09000009,Ealing,51.51017690666876,-0.3188210297479868,516763.9683767424,180366.9239228872,12160743,E05000192,Walpole,,E09000009,12/27/2020
Ealing,Community centres,Golf Link Community Centre,Fleming Road,Ealing,NA,E09000009,Ealing,51.5174159801487,-0.35755656979083195,514057.96911016695,181110.92372147553,12188291,E05000172,Dormers Wells,,E09000009,12/27/2020
Ealing,Community centres,High Lane Porta Cabin,Hobbayne Road,Ealing,NA,E09000009,Ealing,51.51936415641428,-0.34581118695570273,514867.96889025054,181345.9236571521,12142398,E05000180,Hobbayne,,E09000009,12/27/2020
Ealing,Community centres,Acton Vale,Beech Avenue,Ealing,NA,E09000009,Ealing,51.50764868176334,-0.25406824665027283,521263.96715168457,180190.92397289845,12141413,E05000175,East Acton,,E09000009,12/27/2020
Ealing,Community centres,Gainsborough Tower Resource Centre,Academy Gardens,Ealing,NA,E09000009,Ealing,51.53549008425435,-0.3879935959711858,511901.9696998551,183073.92318875936,12141412,E05000185,Northolt West End,,E09000009,12/27/2020
Ealing,Community centres,Gurnell Grove Community Centre,Gurnell Grove,Ealing,NA,E09000009,Ealing,51.526853691740804,-0.33239198973498296,515779.96864157106,182199.92342773086,12141349,E05000171,Cleveland,,E09000009,12/27/2020
Ealing,Community centres,Buckingham Avenue Community Centre,Buckingham Avenue,Ealing,NA,E09000009,Ealing,51.53981574906443,-0.32131903923104976,516514.9684451891,183658.9230291642,12141345,E05000187,Perivale,,E09000009,12/27/2020
Ealing,Community centres,Copley Close Community Shop,187 Copley Close,Ealing,NA,E09000009,Ealing,51.52315604405806,-0.33226768651691346,515797.9686360988,181788.92353840423,12062573,E05000171,Cleveland,,E09000009,12/27/2020
Ealing,Community centres,West Acton Community Centre,Churchill Gardens,Ealing,NA,E09000009,Ealing,51.516927870980766,-0.2801759481103675,519427.9676527118,181179.92370271438,12141330,E05000170,Acton Central,,E09000009,12/27/2020
Ealing,Community centres,The William Hobbayne Centre,St Dunstans Road,Ealing,NA,E09000009,Ealing,51.50623437552968,-0.33811671689250045,515434.96873664716,179897.92405160336,12179422,E05000176,Elthorne,http://www.williamhobbaynecharity.co.uk/,E09000009,12/27/2020
Ealing,Community centres,Leamington Park/Orchard Lodge Community Centre,Jenner Avenue, Leamington Park, Acton,E09000009,Ealing,51.520020129683694,-0.2599660451281396,520821.96727217943,181556.92360215512,12157345,E05000175,East Acton,https://www.chg.org.uk/residents/supporting-communities/our-community-centres/,E09000009,12/27/2020
Ealing,Community centres,Havelock Community Shop,39 Hunt Road,Southall,Middlesex,E09000009,Ealing,51.50205488280135,-0.37224382540481216,513076.96937819006,179379.9241930304,12038325,E05000186,Norwood Green,,E09000009,12/27/2020
Ealing,Creative co-working desk space,Open Ealing,Open Ealing,Singapore Road,West Ealing,E09000009,Ealing,51.5109106985082,-0.326488988467454,516230.00849873223,180436.33387735375,12175823,E05000176,Elthorne,,E09000009,12/27/2020
Ealing,Creative workspaces,Artistic Spaces Ltd,52-56 Standard Road,"Park Royal, London",,E09000009,Ealing,51.527778998147504,-0.2659269726915683,520387.9673906502,182409.9233708511,12124954,,,www.artistic-spaces.co.uk,E09000009,12/27/2020
Ealing,Dance performance venues,West London University,St Mary's Rd,,,E09000009,Ealing,51.50656546830447,-0.30468838817849886,517753.96798367344,179987.92390380666,12153715,E05000174,Ealing Common,http://www.uwl.ac.uk,E09000009,12/27/2020
Ealing,Dance performance venues,Brentside,377 Greenford Avenue,,,E09000009,Ealing,51.52655631417004,-0.33995692960790874,515255.9686629266,182154.92331702198,12141082,E05000180,Hobbayne,http://www.brentsidehigh.ealing.sch.uk,E09000009,12/27/2020
Ealing,Dance performance venues,Questor's Theatre,12 Mattock Lane,,,E09000009,Ealing,51.51170888596852,-0.30965662431520685,517395.96808135894,180551.92375043774,12084402,E05000192,Walpole,http://www.questors.org.uk,E09000009,12/27/2020
Ealing,Dance rehearsal studios,Elthorne Park High School,Westlea Road,,,E09000009,Ealing,51.50062772720141,-0.3308430927906306,515953.9684741602,179285.9240952101,12141191,E05000176,Elthorne,http://www.ephs.ealing.sch.uk,E09000009,12/27/2020
Ealing,Dance rehearsal studios,"Innovation Dance Studios, Ealing",96 Pitshanger Lane,,,E09000009,Ealing,51.526228807079676,-0.31383265081873674,517068.9681691609,182159.9233156566,12185360,E05000171,Cleveland,www.innovationdancestudios.co.uk/ealing-dance-studio/studio-hire/,E09000009,12/27/2020
Ealing,Dance rehearsal studios,West London University,St Mary's Rd,,,E09000009,Ealing,51.50656546830447,-0.30468838817849886,517753.96798367344,179987.92390380666,12153715,E05000174,Ealing Common,http://www.uwl.ac.uk,E09000009,12/27/2020
Ealing,Dance rehearsal studios,Brentside,377 Greenford Avenue,,,E09000009,Ealing,51.52655631417004,-0.33995692960790874,515255.9686629266,182154.92331702198,12141082,E05000180,Hobbayne,http://www.brentsidehigh.ealing.sch.uk,E09000009,12/27/2020
Ealing,Dance rehearsal studios,Questor's Theatre,12 Mattock Lane,,,E09000009,Ealing,51.51170888596852,-0.30965662431520685,517395.96808135894,180551.92375043774,12084402,E05000192,Walpole,http://www.questors.org.uk,E09000009,12/27/2020
Ealing,Fashion and design,Sample Studio,10B Cullen Way,,,E09000009,Ealing,51.52507938938114,-0.26519345904335817,520445.9672535359,182110.9233297811,12105583,E05000175,East Acton,https://www.sample-studio.co.uk,E09000009,12/27/2020
Ealing,Fashion and design,Gosha London,Suite 52 Park Royal Business Centre,9-17 Park Royal Road,,E09000009,Ealing,51.525673796676834,-0.2658628270717954,520397.9672666135,182175.92331230547,12133365,E05000175,East Acton,https://en-gb.facebook.com/GoshaLondonLTD/,E09000009,12/27/2020
Ealing,Fashion and design,Zakee Shariff Art and Design Limited,18 Trading Estate Road,,,E09000009,Ealing,51.526280789792715,-0.26921314428187104,520163.96733007557,182237.92329587456,12105556,E05000175,East Acton,https://zakeeshariff.com,E09000009,12/27/2020
Ealing,Jewellery design,Allauddin Jewellery Limited,60 South Road,Southall,,E09000009,Ealing,51.509280973511636,-0.377159698038221,512717.9694742467,180175.92397504812,12029842,E05000189,Southall Broadway,,E09000009,12/27/2020
Ealing,Jewellery design,Diamond Jewellers Ltd,215 The Broadway,Southall,,E09000009,Ealing,51.5125057994319,-0.3866865781652539,512048.96965653903,180519.92388181883,12029881,E05000189,Southall Broadway,,E09000009,12/27/2020
Ealing,Jewellery design,Factory Business Solutions Ltd,158 Uxbridge Road,,,E09000009,Ealing,51.5111251567511,-0.3191031482469062,516741.96838288585,180471.9238943947,12072619,E05000173,Ealing Broadway,,E09000009,12/27/2020
Ealing,Jewellery design,Foley Trading Company Ltd,14 Alexandria Road,,,E09000009,Ealing,51.51258529275889,-0.32247935470890154,516503.9684471747,180628.92385172623,12072294,E05000176,Elthorne,,E09000009,12/27/2020
Ealing,Jewellery design,Gold Garden Limited,Unit 1-2,Belvue Business Centre,,E09000009,Ealing,51.545796886149205,-0.3614961090669474,513713.96920661913,184260.92286598647,10091874777,E05000184,Northolt Mandeville,,E09000009,12/27/2020
Ealing,Jewellery design,Shk Golden Services Limited,281 The Broadway,Southall,,E09000009,Ealing,51.51279846874966,-0.3896595230410448,511841.9697131708,180547.92387413397,12024565,E05000189,Southall Broadway,,E09000009,12/27/2020
Ealing,Large media production studios,Ealing Studios,Ealing Green ,,Ealing,E09000009,Ealing,51.50843548707928,-0.30777480470897184,517534.968165132,180190.92397095176,000012169761,E05000192,Walpole,http://filmlondon.org.uk/ealing-studios#,E09000009,12/27/2020
Ealing,LGBT+ night time venues,West 5 ,Popes Lane,South Ealing,,E09000009,Ealing,51.499297968411184,-0.30454612909318574,517782.5693783921,179179.97982297564,,E05000174,Ealing Common,http://www.west5ealing.co.uk/contact.html,E09000009,12/27/2020
Ealing,Libraries,Northfields Library,Northfield Avenue,Ealing,,E09000009,Ealing,51.49903110673739,-0.3141456274609291,517116.9682813632,179134.92425896088,12004049,E05000182,Northfield,,E09000009,12/27/2020
Ealing,Libraries,Southall Library (Dominion Centre and Library),Osterley Park Road,Southall,,E09000009,Ealing,51.50338220325516,-0.37912718394601574,512595.96950737387,179516.92415607185,12020455,E05000186,Norwood Green,,E09000009,12/27/2020
Ealing,Libraries,Acton Town Hall Library,High Street,Acton,,E09000009,Ealing,51.50640575549801,-0.2678916296943721,520307.96741326933,180029.92401728895,12180771,E05000188,South Acton,,E09000009,12/27/2020
Ealing,Libraries,West Ealing Library,Melbourne Avenue,West Ealing,,E09000009,Ealing,51.50949413038908,-0.3245240039829782,516369.9684829128,180281.9239463071,12002863,E05000192,Walpole,,E09000009,12/27/2020
Ealing,Libraries,Hanwell Library,Cherington Road,Hanwell,,E09000009,Ealing,51.50992857111256,-0.33609438096747823,515565.9687003134,180311.92393883748,12001465,E05000176,Elthorne,,E09000009,12/27/2020
Ealing,Libraries,Ealing Central Library,The Broadway,Ealing,,E09000009,Ealing,51.512332116870134,-0.30237011567438377,517899.9680648097,180632.9238502785,12148296,E05000173,Ealing Broadway,,E09000009,12/27/2020
Ealing,Libraries,Jubilee Gardens Library,Jubilee Gardens,Southall,,E09000009,Ealing,51.52123328606379,-0.3694841596411997,513220.9693387061,181516.9236118436,12000640,E05000181,Lady Margaret,,E09000009,12/27/2020
Ealing,Libraries,Pitshanger Library,Pitshanger Lane,Ealing,,E09000009,Ealing,51.52589729908327,-0.31391698201276946,517063.96829242795,182122.92344782403,12132976,E05000171,Cleveland,,E09000009,12/27/2020
Ealing,Libraries,Greenford Library,Oldfield Lane South,Greenford,,E09000009,Ealing,51.52981095004077,-0.3552361187623169,514187.96907779435,182492.9233449609,12001186,E05000177,Greenford Broadway,,E09000009,12/27/2020
Ealing,Libraries,Northolt Library,Church Road,Northolt,,E09000009,Ealing,51.539635937202455,-0.3854101554456,512070.9696516794,183538.92306284688,12140961,E05000185,Northolt West End,,E09000009,12/27/2020
Ealing,Libraries,Perivale Library,Horsenden Lane South,Perivale,,E09000009,Ealing,51.54060106618722,-0.3240444585421291,516323.96849671094,183741.9230062125,12003797,E05000187,Perivale,,E09000009,12/27/2020
Ealing,Libraries,Northolt Leisure Centre Library,Eastcote Lane North,Northolt,,E09000009,Ealing,51.54889944363907,-0.3684797608344367,513222.05930507695,184595.13273392664,12173354,E05000184,Northolt Mandeville,,E09000009,12/27/2020
Ealing,Libraries,Wood End Library,Whitton Avenue West,Greenford,,E09000009,Ealing,51.55277367710072,-0.3498501757625641,514503.96899227635,185054.92265164194,12001293,E05000183,North Greenford,,E09000009,12/27/2020
Ealing,Music (office based businesses),Exceptional Records Ltd,4 Fielding Road,Ealing,,E09000009,Ealing,51.500430019349416,-0.25362383832272656,521313.96713627776,179388.92418777716,12106833,E05000191,Southfield,,E09000009,12/27/2020
Ealing,Music (office based businesses),130701 Ltd,12 Swainson Road,Ealing,,E09000009,Ealing,51.50547974808758,-0.2497274245708793,521570.967067423,179956.92403475195,12142759,E05000175,East Acton,,E09000009,12/27/2020
Ealing,Music (office based businesses),Soko Records,Ealing ,,,E09000009,Ealing,51.505172443352635,-0.25566152305801554,521159.96717962733,179912.9240473156,12159772,E05000191,Southfield,www.sokorecords.com,E09000009,12/27/2020
Ealing,Music (office based businesses),Cooking Vinyl Ltd,12 Swainson Road,Ealing,,E09000009,Ealing,51.50547974808758,-0.2497274245708793,521570.967067423,179956.92403475195,12142759,E05000175,East Acton,www.cookingvinyl.com,E09000009,12/27/2020
Ealing,Music (office based businesses),Repeat Performance Multimedia Ltd,44 Chatsworth Gardens,Ealing,,E09000009,Ealing,51.50976270603889,-0.2766269911174086,519692.96758041816,180388.923918513,12095262,E05000188,South Acton,,E09000009,12/27/2020
Ealing,Music (office based businesses),M Dynasty Records Ltd,22 Uxbridge Road,Ealing,,E09000009,Ealing,51.51282605540654,-0.3098025990084176,517382.9682071553,180675.92383833643,12175306,E05000173,Ealing Broadway,,E09000009,12/27/2020
Ealing,Music (office based businesses),Dee O'reilly Management Ltd,17 Kingsley Avenue,Ealing,,E09000009,Ealing,51.51947957317079,-0.32731398330204553,516150.9685415177,181387.9236453098,12074064,E05000171,Cleveland,,E09000009,12/27/2020
Ealing,Music (office based businesses),Keystone Records Ltd,17 Kingsley Avenue,Ealing,,E09000009,Ealing,51.51947957317079,-0.32731398330204553,516150.9685415177,181387.9236453098,12074064,E05000171,Cleveland,,E09000009,12/27/2020
Ealing,Music (office based businesses),Kavanagh Management Ltd,8 Mount Avenue,Ealing,,E09000009,Ealing,51.52190836627749,-0.3097976926263834,517359.96821307484,181685.92356462288,12085422,E05000173,Ealing Broadway,,E09000009,12/27/2020
Ealing,Music (office based businesses),Tiger Books Ltd,18 Thirlmere Avenue,Ealing,,E09000009,Ealing,51.53347132760217,-0.31408393299398407,517032.9683050241,182964.9232185806,12085578,E05000187,Perivale,,E09000009,12/27/2020
Ealing,Music (office based businesses),Blueshift Records Ltd,4 Marley Close,Ealing,,E09000009,Ealing,51.53440677956315,-0.3707581027463868,513099.96937101125,182979.92321122024,12045056,E05000177,Greenford Broadway,,E09000009,12/27/2020
Ealing,Music (office based businesses),Signum Records,14 Wadsworth Business Centre,21 Wadsworth Rd,Perivale,E09000009,Ealing,51.53703648956438,-0.31249576830495746,517133.9682768148,183363.92310934473,0,E05000187,Perivale,www.signumrecords.com,E09000009,12/27/2020
Ealing,Music recording studios,Fish Factory,Unit 4A - 4B Westpoint,39-40 Warple Way,,,Ealing,51.50431706318114,-0.25538212229609,521181.6253526723,179818.26531592384,,,,https://www.factorystudios.co.uk/,E09000009,12/27/2020
Ealing,Music recording studios,Fx Rentals Ltd,38-40 Telford Way,Ealing,,E09000009,Ealing,51.52052558882052,-0.2546422762821901,521189.96717265213,181621.9235832831,12117562,E05000175,East Acton,http://www.fxgroup.net,E09000009,12/27/2020
Ealing,Music rehearsal studios,Bell Studios,42891 Greenock Road,Ealing,,E09000009,Ealing,51.49844209039924,-0.2724150251456051,520014.96749218967,179136.9242584384,12098715,E05000188,South Acton,www.bellstudios.co.uk,E09000009,12/27/2020
Ealing,Music rehearsal studios,Big Baggy Bounce,54-58 Stanley Gardens,Ealing,,E09000009,Ealing,51.50516024965173,-0.25665624461750003,521090.96719852195,179909.92404823477,12149809,E05000191,Southfield,www.bigbaggybounce.com,E09000009,12/27/2020
Ealing,Music rehearsal studios,Cartel Studios,203-205 The Vale,Ealing,,E09000009,Ealing,51.506157192847155,-0.25899579890026525,520925.9672439912,180016.9240196566,12117050,E05000191,Southfield,http://www.cartelstudios.co.uk/,E09000009,12/27/2020
Ealing,Music rehearsal studios,Survival Studios,Unit B12-B20 Acton Business Centre,School Road,Ealing,E09000009,Ealing,51.52574346186929,-0.2584214971956889,520913.96724889905,182195.9234262663,12150052,E05000175,East Acton,www.survivalstudios.co.uk,E09000009,12/27/2020
Ealing,Music rehearsal studios,Panic Music,14 Trading Estate Road ,,,E09000009,Ealing,51.52637306517298,-0.268762740933943,520194.96744372614,182248.9234147094,0,E05000175,East Acton,www.panic-music.co.uk,E09000009,12/27/2020
Ealing,Music rehearsal studios,Soundstage Studio,Unit 1 Acorn Centre 30-34,Gorst Road,Ealing,E09000009,Ealing,51.52722896938466,-0.26400164888320593,520522.96735433023,182351.92338569555,12017372,E05000175,East Acton,http://soundstagestudios.co.uk/,E09000009,12/27/2020
Ealing,Music venues (all),Plough,Tentelow Lane Ealing,,,E09000009,Ealing,51.49468546694146,-0.3660957039491998,513521.9692583693,178569.92441126227,12126106,E05000186,Norwood Green,www.ploughinnnorwoodgreen.co.uk,E09000009,12/27/2020
Ealing,Music venues (all),Ealing Park Tavern,222 South Ealing Road,Hounslow,,E09000009,Ealing,51.49556069459185,-0.3060765336105435,517685.96812699124,178761.92436005955,12080010,E05000182,Northfield,www.ealingparktavern.co.uk,E09000009,12/27/2020
Ealing,Music venues (all),Lamb,137 Norwood Road,Ealing,,E09000009,Ealing,51.49717539137995,-0.3757312476326365,512846.9694411248,178831.92434167338,12025543,E05000186,Norwood Green,www.sizzlingpubs.co.uk/findapub/london/thecrownnortholt,E09000009,12/27/2020
Ealing,Music venues (all),Bollo House,13 Bollo Lane,Ealing,,E09000009,Ealing,51.495772456231975,-0.27005248421282163,520185.96744588914,178843.92433822004,12097755,E05000191,Southfield,www.thebollohouse.com,E09000009,12/27/2020
Ealing,Music venues (all),Plough,297 Northfield Avenue,Ealing,,E09000009,Ealing,51.49717380632392,-0.3125574075802827,517231.96824974124,178930.9243141563,12153213,E05000182,Northfield,www.ploughnorthfields.co.uk,E09000009,12/27/2020
Ealing,Music venues (all),New Inn,62 St. Marys Road,Ealing,,E09000009,Ealing,51.50509747574572,-0.3057803669626349,517681.9681260503,179822.92407020013,12083098,E05000192,Walpole,www.thenewinnealing.com,E09000009,12/27/2020
Ealing,Music venues (all),The Prince Of Wales,62 Boston Road,Ealing,,E09000009,Ealing,51.506377371201786,-0.33741984222529214,515482.968723481,179914.92404652585,12126407,E05000176,Elthorne,,E09000009,12/27/2020
Ealing,Music venues (all),Castle,36 St. Marys Road,Ealing,,E09000009,Ealing,51.50619963399843,-0.3055089114489731,517697.9681212556,179945.9240368962,12083156,E05000192,Walpole,www.castleealing.co.uk,E09000009,12/27/2020
Ealing,Music venues (all),George & Dragon,183-185 High Street,Ealing,,E09000009,Ealing,51.50722767092725,-0.27179441558173245,520034.96748768486,180114.92399338534,12103477,E05000188,South Acton,www.bestspread.info,E09000009,12/27/2020
Ealing,Music venues (all),Drayton Court,2 The Avenue,Ealing,,E09000009,Ealing,51.51416754257283,-0.3193081584002968,516719.96838947496,180809.92380222393,12142024,E05000173,Ealing Broadway,www.draytoncourtlondon.co.uk,E09000009,12/27/2020
Ealing,Music venues (all),The Red Room (Aka The Ealing Jazz Club),42 The Broadway,Ealing,,E09000009,Ealing,51.514411387953,-0.30250895749682283,517884.96806894307,180863.92378665105,12133012,E05000173,Ealing Broadway,www.ealingclub.com,E09000009,12/27/2020
Ealing,Music venues (all),Duke Of Kent,2 Scotch Common,Ealing,,E09000009,Ealing,51.525268764299334,-0.3202542635248452,516625.96841074224,182042.92346985568,12076416,E05000171,Cleveland,www.dukeofkent.co.uk,E09000009,12/27/2020
Ealing,Music venues (all),The Cave Gallery,Westwood Business Centre 98,Victoria Road,Ealing,E09000009,Ealing,51.525631971369215,-0.255153316467282,521140.96718740923,182188.92342712014,12109500,E05000175,East Acton,,E09000009,12/27/2020
Ealing,Music venues (all),Crown,Ealing Road Ealing,,,E09000009,Ealing,51.544674013346686,-0.37062235323052595,513083.9693771175,184121.92290218,12141051,E05000184,Northolt Mandeville,,E09000009,12/27/2020
Ealing,Music venues (all),Black Horse,425 Oldfield Lane North,Ealing,,E09000009,Ealing,51.547690142956114,-0.3445387264302624,514884.9688887333,184497.9228018953,12054776,E05000178,Greenford Green,www.blackhorsegreenford.co.uk,E09000009,12/27/2020
Ealing,Music venues (grassroots),The Red Room (Aka The Ealing Jazz Club),42 The Broadway,Ealing,,E09000009,Ealing,51.514411387953,-0.30250895749682283,517884.96806894307,180863.92378665105,12133012,E05000173,Ealing Broadway,www.ealingclub.com,E09000009,12/27/2020
Ealing,Prop and costume making,Art House Hire,7 Morris House,Swainson Road,,E09000009,Ealing,51.50517113006484,-0.24893231822020134,521626.9670520575,179923.92404388334,12157848,E05000175,East Acton,http://www.arthousehire.com,E09000009,12/27/2020
Ealing,Prop and costume making,China & Co Props Hire ,Acton Park Industial Estate,32 The Vale,,E09000009,Ealing,51.50574099046022,-0.2588243430299512,520938.96724021516,179970.9240324407,12140803,E05000191,Southfield,http://chinaandco.com,E09000009,12/27/2020
Ealing,Prop and costume making,Classic Prop Hire,International Trading Estate,11-12  Trident Way,,E09000009,Ealing,51.49992092452246,-0.4014523580028765,511054.9699270124,179097.92426924227,12021676,E05000190,Southall Green,http://classicprophire.com,E09000009,12/27/2020
Ealing,Prop and costume making,Electro Props,17 B & C Aintree Road,,,E09000009,Ealing,51.53817149071103,-0.31639033586658555,516860.96835148835,183483.92307715112,12179013,E05000187,Perivale,http://electroprops.co.uk,E09000009,12/27/2020
Ealing,Prop and costume making,Farley Prop Hire,1-21  Brunel Road,,,E09000009,Ealing,51.51951334562802,-0.25188466274570953,521383.96711964125,181513.9236132552,12139149,E05000175,East Acton,https://www.farley.co.uk,E09000009,12/27/2020
Ealing,Prop and costume making,Foxtrot Costume and Props Ltd,3B  Brassie Avenue,,,E09000009,Ealing,51.515532036736396,-0.2502355532086352,521508.96708505676,181073.9237337226,12150243,E05000175,East Acton,https://www.foxtrotcostumeandprops.co.uk/,E09000009,12/27/2020
Ealing,Prop and costume making,Get Set Hire,Unit 5a & 5b Heron Trading Estate,Alliance Road,,E09000009,Ealing,51.52398921755954,-0.2742013068172725,519823.96754537657,181974.9234879103,12008467,E05000175,East Acton,http://www.getsethire.co.uk,E09000009,12/27/2020
Ealing,Prop and costume making,Industrial Lights,The Waterside Trading Centre,90-95 Trumpers Way,,E09000009,Ealing,51.50152955902174,-0.3418035911158931,515190.96880249586,179368.92419450177,12142952,E05000176,Elthorne,http://www.industriallights.co.uk,E09000009,12/27/2020
Ealing,Prop and costume making,Men At Work ,Waterside Centre,90-95 Trumpers Way,,E09000009,Ealing,51.50152955902174,-0.3418035911158931,515190.96880249586,179368.92419450177,12142952,E05000176,Elthorne,http://menatwork.co.uk/contact/,E09000009,12/27/2020
Ealing,Pubs,Royal,Boston Road,Hanwell,,E09000009,Ealing,51.49829164143888,-0.32656310813794753,516256.96851430944,179032.9242864498,,E05000182,Northfield,,E09000009,12/27/2020
Ealing,Pubs,Common,Old Oak Lane,Willesden Junction,,E09000009,Ealing,51.52954168736387,-0.24897732266092307,521558.96707174886,182633.92330702406,,E05000175,East Acton,,E09000009,12/27/2020
Ealing,Pubs,Fishermans Arms,50 Old Oak Lane,Harlesden,London,E09000009,Ealing,51.53063105827674,-0.24845971491544266,521591.96706225147,182755.9232742061,,E05000175,East Acton,,E09000009,12/27/2020
Ealing,Pubs,Plough,89 North Road,Southall,,E09000009,Ealing,51.51352191859732,-0.3730167557007857,512994.96939902264,180653.92384528747,,E05000172,Dormers Wells,,E09000009,12/27/2020
Ealing,Pubs,Red Lion Hotel,100 High Street,Southall,,E09000009,Ealing,51.51053211106835,-0.371408375079856,513113.96936700714,180323.92393479485,,E05000189,Southall Broadway,,E09000009,12/27/2020
Ealing,Pubs,Underground Bar,34A King Street,Southall,,E09000009,Ealing,51.50040813062284,-0.3832092845060986,512319.96958157636,179179.9242491682,,E05000190,Southall Green,,E09000009,12/27/2020
Ealing,Pubs,Lamb,137 Norwood Road,Norwood Green,Southall,E09000009,Ealing,51.49687779609737,-0.37502148973414545,512896.9694276863,178799.92435062048,,E05000186,Norwood Green,,E09000009,12/27/2020
Ealing,Pubs,Wolf,170 Norwood Road,Norwood Green,,E09000009,Ealing,51.49680648300898,-0.37571554664570733,512848.96944069763,178790.92435313616,,E05000186,Norwood Green,,E09000009,12/27/2020
Ealing,Pubs,Plough,Tentelow Lane,Norwood Green,Southall,E09000009,Ealing,51.49510649982267,-0.36597980399790897,513528.96925643703,178616.92439896503,,E05000186,Norwood Green,,E09000009,12/27/2020
Ealing,Pubs,Scotsman,96 Scotts Road,Southall,,E09000009,Ealing,51.50233288476881,-0.39239147070321784,511677.9697568653,179379.92419348826,,E05000190,Southall Green,,E09000009,12/27/2020
Ealing,Pubs,Prince Of Wales,202 Western Road,Southall,,E09000009,Ealing,51.49932444672436,-0.3913734957955308,511755.969735765,179046.92428442225,,E05000190,Southall Green,,E09000009,12/27/2020
Ealing,Pubs,Old Oak Tree,The Common,Southall,,E09000009,Ealing,51.49515489421473,-0.3876593307868759,512023.9696652178,178588.92440855916,,E05000190,Southall Green,,E09000009,12/27/2020
Ealing,Pubs,Greenwood Hotel,674 Whitton Avenue West,Northolt,Wood End,E09000009,Ealing,51.553180846044185,-0.35259058640398383,514312.96904424543,185095.92264039535,,E05000183,North Greenford,,E09000009,12/27/2020
Ealing,Pubs,Harvester,59 Mandeville Road,Northolt,,E09000009,Ealing,51.549049420889894,-0.3658217743693613,513405.9692894602,184615.92276795593,,E05000184,Northolt Mandeville,,E09000009,12/27/2020
Ealing,Pubs,Office,17 Oldfield Circus,Northolt,,E09000009,Ealing,51.55172553200811,-0.35013325848911203,514486.96899669344,184937.9226835714,,E05000178,Greenford Green,,E09000009,12/27/2020
Ealing,Pubs,The Bar,266 Church Road,Northolt,,E09000009,Ealing,51.54251446009224,-0.37961187560174275,512465.96954383806,183867.92297298147,,E05000185,Northolt West End,,E09000009,12/27/2020
Ealing,Pubs,Crown,Ealing Road,Northolt,,E09000009,Ealing,51.545027695021545,-0.36954248474121376,513157.9693571052,184162.92289128556,,E05000184,Northolt Mandeville,,E09000009,12/27/2020
Ealing,Pubs,Civil Engineer,500 Ruislip Road,Greenford,Northolt,E09000009,Ealing,51.5323381857313,-0.3759215739884985,512746.96946825634,182741.92327777256,,E05000177,Greenford Broadway,,E09000009,12/27/2020
Ealing,Pubs,Tyme On The Waterfront,9 Higham Mews,Northolt,,E09000009,Ealing,51.529231314444516,-0.37819469517566034,512596.96950893523,182392.9233741362,,E05000177,Greenford Broadway,,E09000009,12/27/2020
Ealing,Pubs,Railway,390 Oldfield Lane North,Greenford,,E09000009,Ealing,51.5432530466811,-0.344901533766219,514870.9688925081,184003.92293655232,,E05000178,Greenford Green,,E09000009,12/27/2020
Ealing,Pubs,Black Horse,425 Oldfield Lane North,Greenford,,E09000009,Ealing,51.54769014295973,-0.3445387264301312,514884.968888733,184497.92280229746,,E05000178,Greenford Green,,E09000009,12/27/2020
Ealing,Pubs,Dugout Sports Bar,1286 Greenford Road,Greenford,,E09000009,Ealing,51.54989217608338,-0.33936727990913107,515237.9687931892,184750.92273270024,,E05000183,North Greenford,,E09000009,12/27/2020
Ealing,Pubs,Yard,1211 Greenford Road,Greenford,,E09000009,Ealing,51.55592720351904,-0.3368974727845794,515393.96874936443,185425.9225502013,,E05000183,North Greenford,,E09000009,12/27/2020
Ealing,Pubs,Horsenden Hill Golf & Footgolf Centre,Woodland Rise,Greenford,,E09000009,Ealing,51.549106489885666,-0.3233137453692938,516352.9684867697,184688.92275035003,,E05000183,North Greenford,,E09000009,12/27/2020
Ealing,Pubs,Ballot Box,Horsenden Lane North,Perivale,Greenford,E09000009,Ealing,51.54899835114502,-0.3296063064084537,515916.96860711375,184666.9227553826,,E05000183,North Greenford,,E09000009,12/27/2020
Ealing,Pubs,Bridge Hotel,Western Avenue,Greenford,,E09000009,Ealing,51.53640967848439,-0.3455246737403026,514844.96889967425,183241.92314232275,,E05000178,Greenford Green,,E09000009,12/27/2020
Ealing,Pubs,Myllet Arms,Western Avenue,Perivale,Greenford,E09000009,Ealing,51.53300715618162,-0.32311240540503894,516407.9684749997,182898.9232368485,,E05000187,Perivale,,E09000009,12/27/2020
Ealing,Pubs,Three Wishes,5 The Broadway,Greenford,,E09000009,Ealing,51.527593059229716,-0.3535428254511269,514310.9690445406,182248.9234114905,,E05000177,Greenford Broadway,,E09000009,12/27/2020
Ealing,Pubs,Wishing Well,10 The Broadway,Greenford,,E09000009,Ealing,51.5278421765428,-0.3527120844883212,514367.9690290953,182277.92340351164,,E05000177,Greenford Broadway,,E09000009,12/27/2020
Ealing,Pubs,Belmullet Tavern,2 Ruislip Road,Greenford,,E09000009,Ealing,51.5286638259627,-0.357440014159743,514037.9691184389,182361.92338088562,,E05000177,Greenford Broadway,,E09000009,12/27/2020
Ealing,Pubs,Hare & Hounds,229 Ruislip Road,Greenford,,E09000009,Ealing,51.531847490846125,-0.36712961718166526,513357.9693011268,182700.92328783497,,E05000177,Greenford Broadway,,E09000009,12/27/2020
Ealing,Pubs,Old Hat,128 Broadway,West Ealing,,E09000009,Ealing,51.51020662965398,-0.32467077994300664,516357.96848621033,180360.92392477178,,E05000176,Elthorne,,E09000009,12/27/2020
Ealing,Pubs,Hennessys,138 Broadway,West Ealing,,E09000009,Ealing,51.50986638831635,-0.3279257064128107,516132.96854687063,180317.92393666075,,E05000176,Elthorne,,E09000009,12/27/2020
Ealing,Pubs,Duke Of Kent,2 Scotch Common,West Ealing,London,E09000009,Ealing,51.52471865900647,-0.32014477960982185,516634.96840861073,181981.92348664562,,E05000171,Cleveland,,E09000009,12/27/2020
Ealing,Pubs,Drayton Court Hotel,2 The Avenue,West Ealing,London,E09000009,Ealing,51.51471558643242,-0.31927356198716356,516720.9683893275,180870.92378606455,,E05000173,Ealing Broadway,,E09000009,12/27/2020
Ealing,Pubs,Castlebar,84 Uxbridge Road,West Ealing,,E09000009,Ealing,51.511740990377874,-0.3150164602985983,517023.96830580145,180546.9238739775,,E05000173,Ealing Broadway,,E09000009,12/27/2020
Ealing,Pubs,Star & Anchor,94 Uxbridge Road,West Ealing,London,E09000009,Ealing,51.511740990377874,-0.3150164602985983,517023.96830580145,180546.9238739775,,E05000173,Ealing Broadway,,E09000009,12/27/2020
Ealing,Pubs,Black George,181 Uxbridge Road,West Ealing,,E09000009,Ealing,51.511033852508795,-0.3177518595278816,516835.9683573633,180463.92389654322,,E05000192,Walpole,,E09000009,12/27/2020
Ealing,Pubs,Ashbys,123 Uxbridge Road,West Ealing,,E09000009,Ealing,51.511285619732874,-0.3158691221701676,516965.9683216671,180494.92388811597,,E05000192,Walpole,,E09000009,12/27/2020
Ealing,Pubs,O'Briens,137 Uxbridge Road,West Ealing,,E09000009,Ealing,51.511285619732874,-0.3158691221701676,516965.9683216671,180494.92388811597,,E05000192,Walpole,,E09000009,12/27/2020
Ealing,Pubs,Forester,2 Leighton Road,West Ealing,,E09000009,Ealing,51.50597380248598,-0.3210796331286616,516617.9684163191,179895.9240515026,,E05000192,Walpole,,E09000009,12/27/2020
Ealing,Pubs,Pasha Kitchen,78-80 Northfield Avenue,West Ealing,London,E09000009,Ealing,51.50394749817215,-0.3183588124382717,516811.9683642768,179674.9241119753,,E05000192,Walpole,,E09000009,12/27/2020
Ealing,Pubs,Owl & The Pussycat,106 Northfield Avenue,Northfields,London,E09000009,Ealing,51.50282973156271,-0.31691590119687846,516914.9683363684,179552.92414521438,,E05000192,Walpole,,E09000009,12/27/2020
Ealing,Pubs,Players,184 Northfield Avenue,West Ealing,,E09000009,Ealing,51.50154800159095,-0.3159545786443404,516984.96831752016,179411.92418361566,,E05000192,Walpole,,E09000009,12/27/2020
Ealing,Pubs,Stag,177 Acton Lane,Chiswick,London,E09000009,Ealing,51.499872127573695,-0.26450867308907683,520559.967342555,179308.92421222274,,E05000191,Southfield,,E09000009,12/27/2020
Ealing,Pubs,Chiquito,Royal Leisure Park,Park Royal,London,E09000009,Ealing,51.52529863454589,-0.2813164393300697,519326.9676821014,182108.9234492617,,E05000175,East Acton,,E09000009,12/27/2020
Ealing,Pubs,Tenpin Acton,"Royale Leisure Park, Western Avenue",Park Royal,London,E09000009,Ealing,51.52529863454589,-0.2813164393300697,519326.9676821014,182108.9234492617,,E05000175,East Acton,,E09000009,12/27/2020
Ealing,Pubs,Rocket,11 Churchfield Road,Acton,London,E09000009,Ealing,51.50863963686904,-0.26449244474004935,520537.96735094266,180283.92394826468,,E05000170,Acton Central,,E09000009,12/27/2020
Ealing,Pubs,Station House,"Station Buildings, Churchfield Road",Acton,London,E09000009,Ealing,51.508757401770296,-0.2633351178276366,520617.9673290495,180298.92394417513,,E05000170,Acton Central,,E09000009,12/27/2020
Ealing,Pubs,Windmill,50 High Street,Acton,London,E09000009,Ealing,51.50678317896934,-0.26604724183566103,520434.96737859474,180074.9240049463,,E05000170,Acton Central,,E09000009,12/27/2020
Ealing,Pubs,Mendes (The Sheep Walk),14 Market Place,Acton,London,E09000009,Ealing,51.507935853026844,-0.2710326811147915,520085.9674739427,180194.92397220148,,E05000170,Acton Central,,E09000009,12/27/2020
Ealing,Pubs,Belvedere,106 High Street,Acton,London,E09000009,Ealing,51.50690128469604,-0.2685645126564228,520259.9674265153,180083.92400261387,,E05000170,Acton Central,,E09000009,12/27/2020
Ealing,Pubs,Castle,140 Victoria Road,North Acton,London,E09000009,Ealing,51.522588210565296,-0.25910411778670067,520874.96725858684,181843.92352332844,,E05000175,East Acton,,E09000009,12/27/2020
Ealing,Pubs,Wishing Well,61 Old Oak Common Lane,East Acton,London,E09000009,Ealing,51.5146510188552,-0.2496495869151602,521551.96707337326,180976.92375986755,,E05000175,East Acton,,E09000009,12/27/2020
Ealing,Pubs,Talbot,1 Mill Hill Road,Acton,London,E09000009,Ealing,51.506260368822105,-0.27389163323877447,519891.9675261858,180003.92402356368,,E05000188,South Acton,,E09000009,12/27/2020
Ealing,Pubs,Aeronaut,264 Acton High Street,Acton,London,E09000009,Ealing,51.508473354253645,-0.27578220906909756,519754.9675635826,180246.92395759473,,E05000188,South Acton,,E09000009,12/27/2020
Ealing,Pubs,Chatsworth Bar,290 High Street,Acton,London,E09000009,Ealing,51.50849820979153,-0.2768620597995383,519679.9675838661,180247.92395720992,,E05000188,South Acton,,E09000009,12/27/2020
Ealing,Pubs,Red Lion & Pineapple,281 High Street,Acton,London,E09000009,Ealing,51.5082478270856,-0.2769579723603133,519673.9675854726,180219.92396476556,,E05000188,South Acton,,E09000009,12/27/2020
Ealing,Pubs,Six Bells,211 High Street,Acton,London,E09000009,Ealing,51.50738313584033,-0.27258109088230714,519979.96750252286,180130.92398935475,,E05000188,South Acton,,E09000009,12/27/2020
Ealing,Pubs,George & Dragon,183 High Street,Acton,London,E09000009,Ealing,51.50723517354753,-0.2716932606590197,520041.96748569363,180115.92399352987,,E05000188,South Acton,,E09000009,12/27/2020
Ealing,Pubs,Kings Head Hotel & Pub,214 High Street,Acton,London,E09000009,Ealing,51.508006159814165,-0.27336449972541155,519923.96751780016,180198.92397084826,,E05000170,Acton Central,,E09000009,12/27/2020
Ealing,Pubs,Swan,"1 Evershed Walk, 119 Acton Lane",Acton Green,London,E09000009,Ealing,51.49789201546977,-0.26560682539024083,520488.96736237826,179086.92427263252,,E05000191,Southfield,,E09000009,12/27/2020
Ealing,Pubs,Duke of Sussex,75 South Parade,Chiswick,London,E09000009,Ealing,51.49640873663433,-0.2644241709495102,520574.9673391475,178923.92431671708,,E05000191,Southfield,,E09000009,12/27/2020
Ealing,Pubs,Bollo,13 Bollo Lane,Chiswick,London,E09000009,Ealing,51.49597916993175,-0.2700446551192406,520185.96744574857,178866.9243323884,,E05000191,Southfield,,E09000009,12/27/2020
Ealing,Pubs,Lavins,97 Uxbridge Road,Hanwell,London,E09000009,Ealing,51.508924391397905,-0.33630391548229477,515553.9687038472,180199.92396966805,,E05000176,Elthorne,,E09000009,12/27/2020
Ealing,Pubs,Fox & Goose,Hanger Lane,Ealing,Hanger Lane,E09000009,Ealing,51.53353984967584,-0.29578465816370997,518301.96795858734,183001.92320868646,,E05000179,Hanger Hill,,E09000009,12/27/2020
Ealing,Pubs,Village Inn,122-4 Pitshanger Lane,Ealing,Pitshanger,E09000009,Ealing,51.526491899785555,-0.3127417235824388,517143.9682711462,182190.92342917004,,E05000171,Cleveland,,E09000009,12/27/2020
Ealing,Pubs,Harrison's - Delicatessen & Vintners,60 Pitshanger Lane,Ealing,Pitshanger,E09000009,Ealing,51.5257970173594,-0.31632812437155877,516896.96833740245,182107.9234522871,,E05000171,Cleveland,,E09000009,12/27/2020
Ealing,Pubs,Benet Club,"St Benedicts Church, Marchwood Crescent",Ealing,London,E09000009,Ealing,51.519814491530965,-0.30739606734112296,517531.9681663173,181456.92362644017,,E05000173,Ealing Broadway,,E09000009,12/27/2020
Ealing,Pubs,Haven Arms,33 Haven Lane,Ealing,London,E09000009,Ealing,51.517079345835114,-0.2998297745619055,518063.9680205067,181164.92370469403,,E05000173,Ealing Broadway,,E09000009,12/27/2020
Ealing,Pubs,Wheatsheaf,41 Haven Lane,Ealing,,E09000009,Ealing,51.517079345835114,-0.2998297745619055,518063.9680205067,181164.92370469403,,E05000173,Ealing Broadway,,E09000009,12/27/2020
Ealing,Pubs,Shanakee,"9-10 Central Buildings, The Broadway",Ealing,,E09000009,Ealing,51.514698784272724,-0.3024838557063737,517885.96806866745,180895.92377829377,,E05000173,Ealing Broadway,,E09000009,12/27/2020
Ealing,Pubs,No 17 Dickens Yard,"Unit 17, Dickens Yard, Longfield Avenue",Ealing,London,E09000009,Ealing,51.51377421899778,-0.30695714335325497,517577.9681535297,180785.92380861513,,E05000173,Ealing Broadway,,E09000009,12/27/2020
Ealing,Pubs,Attic,8 Hanger Green,Ealing,Hanger Hill,E09000009,Ealing,51.52678955034765,-0.2848787568201808,519075.9677509174,182268.92340522358,,E05000179,Hanger Hill,,E09000009,12/27/2020
Ealing,Pubs,Greystoke,7 Queens Parade,North Ealing,London,E09000009,Ealing,51.51685660556095,-0.2906857848160894,518698.96785036754,181154.923708092,,E05000179,Hanger Hill,,E09000009,12/27/2020
Ealing,Pubs,Jonos,"13 Station Parade, Uxbridge Road",Ealing,Ealing Common,E09000009,Ealing,51.51022996080552,-0.28704295395883983,518968.9677763315,180423.9239082549,,E05000188,South Acton,,E09000009,12/27/2020
Ealing,Pubs,Common Room,3-4 Grosvenor Parade,Ealing,Ealing Common,E09000009,Ealing,51.50959825012638,-0.28627406251763465,519023.9677613398,180354.9239271616,,E05000188,South Acton,,E09000009,12/27/2020
Ealing,Pubs,Lodge Tavern,53 The Mall,Ealing,,E09000009,Ealing,51.513863024715256,-0.30003606224230184,518057.9680220026,180806.92380270583,,E05000174,Ealing Common,,E09000009,12/27/2020
Ealing,Pubs,Sir Michael Balcon,46-47 The Mall,Ealing,,E09000009,Ealing,51.51329495657086,-0.2980683733145218,518195.9679848903,180746.92381925508,,E05000174,Ealing Common,,E09000009,12/27/2020
Ealing,Pubs,Grange Tavern,29 The Common,Ealing,Ealing Common,E09000009,Ealing,51.507716562685424,-0.2978584527334019,518224.96797720867,180126.9239884629,,E05000174,Ealing Common,,E09000009,12/27/2020
Ealing,Pubs,Roddy's Bar,"4 The Quadrant, Little Ealing Road",Ealing,South Ealing,E09000009,Ealing,51.49842190533794,-0.3061865177085627,517670.96813088225,179079.9242728937,,E05000182,Northfield,,E09000009,12/27/2020
Ealing,Pubs,Rose & Crown,"Church Place, St Marys Road",Ealing,,E09000009,Ealing,51.503897955434965,-0.3055366997871232,517701.9681210315,179689.9241065776,,E05000174,Ealing Common,,E09000009,12/27/2020
Ealing,Pubs,West Five,25 Popes Lane,Ealing,South Ealing,E09000009,Ealing,51.499156847973076,-0.3022836525108022,517939.96805773524,179167.9242480498,,E05000174,Ealing Common,,E09000009,12/27/2020
Ealing,Pubs,Ealing Park Tavern,222 South Ealing Road,South Ealing,,E09000009,Ealing,51.495820714771895,-0.3060236707311224,517688.9681261667,178790.9243524731,,E05000182,Northfield,,E09000009,12/27/2020
Ealing,Pubs,T J Duffys,282 Northfield Avenue,Ealing,Northfields,E09000009,Ealing,51.49810123141203,-0.3138918140057281,517136.9682756902,179031.92428708135,,E05000182,Northfield,,E09000009,12/27/2020
Ealing,Pubs,Plough,297 Northfield Avenue,Ealing,Northfields,E09000009,Ealing,51.49735604574859,-0.312723556363904,517219.96825302724,178950.92430910043,,E05000182,Northfield,,E09000009,12/27/2020
Ealing,Pubs,Drapers Arms,25 High Street,Ealing,London,E09000009,Ealing,51.51220718512999,-0.3049256018757802,517722.96811351884,180614.92385525844,,E05000173,Ealing Broadway,,E09000009,12/27/2020
Ealing,Pubs,Kings Arms,55 The Grove,Ealing,London,E09000009,Ealing,51.51101197408604,-0.3024912711843736,517894.96806618077,180485.92389051704,,E05000173,Ealing Broadway,,E09000009,12/27/2020
Ealing,Pubs,Castle Inn,36 St Marys Road,Ealing,,E09000009,Ealing,51.50611770517647,-0.30543990423811457,517702.96811991633,179936.9240397315,,E05000192,Walpole,,E09000009,12/27/2020
Ealing,Pubs,New Inn,62 St Marys Road,Ealing,,E09000009,Ealing,51.50481776877772,-0.30633829662877343,517643.96813655156,179790.9240793101,,E05000192,Walpole,,E09000009,12/27/2020
Ealing,Pubs,North Star,43 The Broadway,Ealing,London,E09000009,Ealing,51.513580952313475,-0.30291455472927015,517858.9680761042,180770.92381252686,,E05000173,Ealing Broadway,,E09000009,12/27/2020
Ealing,Pubs,Grove,1 Ealing Green,Ealing,,E09000009,Ealing,51.51026709867814,-0.305084115200611,517716.9681150924,180398.92391429679,,E05000174,Ealing Common,,E09000009,12/27/2020
Ealing,Pubs,Red Lion,13 St Marys Road,Ealing,,E09000009,Ealing,51.508026049565274,-0.3049511709743154,517731.96811123285,180149.92398209998,,E05000174,Ealing Common,,E09000009,12/27/2020
Ealing,Pubs,Brogue,"7 Boston Parade, Boston Road",Hanwell,,E09000009,Ealing,51.49690314878532,-0.32567755192978676,516321.9684965009,178879.9243281291,,E05000182,Northfield,,E09000009,12/27/2020
Ealing,Pubs,Grosvenor,127 Oaklands Road,Hanwell,London,E09000009,Ealing,51.50624969967139,-0.3290668678085321,516062.96856612014,179913.9240467517,,E05000176,Elthorne,,E09000009,12/27/2020
Ealing,Pubs,Village Inn,66 Boston Road,Hanwell,London,E09000009,Ealing,51.50563322628976,-0.33694261203487996,515517.96871388995,179832.92406903976,,E05000176,Elthorne,,E09000009,12/27/2020
Ealing,Pubs,Fox,Green Lane,Hanwell,London,E09000009,Ealing,51.50414206391435,-0.3434089642909582,515072.96883529774,179656.92411704914,,E05000176,Elthorne,,E09000009,12/27/2020
Ealing,Pubs,Brent Valley Golf Course Bar,"Brent Valley Golf Course, Church Road",Hanwell,,E09000009,Ealing,51.513780843834276,-0.3382454499680227,515406.9687431665,180736.92382233974,,E05000180,Hobbayne,,E09000009,12/27/2020
Ealing,Pubs,Duke Of York,161 Uxbridge Road,Hanwell,London,E09000009,Ealing,51.50910495045844,-0.3382571787873738,515417.96874136804,180216.92396532575,,E05000176,Elthorne,,E09000009,12/27/2020
Ealing,Pubs,Kings Arms,110 Uxbridge Road,Hanwell,London,E09000009,Ealing,51.508615742502,-0.3367330694416964,515524.96871188574,180164.92397924972,,E05000176,Elthorne,,E09000009,12/27/2020
Ealing,Pubs,Viaduct,221 Uxbridge Road,Hanwell,,E09000009,Ealing,51.5086736192918,-0.3420916602744545,515152.96881461015,180162.92398072052,,E05000176,Elthorne,,E09000009,12/27/2020
Ealing,Pubs,Dodo Micropub,52 Boston Road,Hanwell,London,E09000009,Ealing,51.507082093317635,-0.3376535534527104,515464.96872843243,179992.92402588157,,E05000176,Elthorne,,E09000009,12/27/2020
Ealing,Pubs,Prince of Wales,62 Boston Road,Hanwell,London,E09000009,Ealing,51.507082093317635,-0.3376535534527104,515464.96872843243,179992.92402588157,,E05000176,Elthorne,,E09000009,12/27/2020
Ealing,Pubs,w7emporium,60b Boston Road,Hanwell,London,E09000009,Ealing,51.507082093317635,-0.3376535534527104,515464.96872843243,179992.92402588157,,E05000176,Elthorne,,E09000009,12/27/2020
Ealing,Pubs,Green W7,13 Lower Boston Road,Hanwell,,E09000009,Ealing,51.50707899943191,-0.3393396339915969,515347.9687606022,179989.92402692122,,E05000176,Elthorne,,E09000009,12/27/2020
Ealing,Skate Parks,Gurnell,,,,E09000009,Ealing,51.52938097675057,-0.329977305096717,515941.0485552175,182484.7885230633,0,E05000171,Cleveland,,E09000009,12/27/2020
Ealing,Textile design,Embroidery BY Design Limited,Unit 3,24 Wandsworth Road,,E09000009,Ealing,51.53563138814857,-0.3117114711379868,517191.96826114797,183208.92315216013,12087939,E05000187,Perivale,https://www.embroidery-by-design.co.uk/,E09000009,12/27/2020
Ealing,Theatre rehearsal studio,Impact Studio Theatre,2 Scorton Avenue,,,E09000009,Ealing,51.536649599877364,-0.32692935683734164,516133.9684269198,183297.92300536967,12077905,E05000187,Perivale,https://www.impacttheatre.co/,E09000009,12/27/2020
Ealing,Theatre rehearsal studio,Questors Theatre,12 Mattock Lane,,,E09000009,Ealing,51.51170888596852,-0.30965662431520685,517395.96808135894,180551.92375043774,12084402,E05000192,Walpole,www.questors.org.uk,E09000009,12/27/2020
Ealing,Theatres,Grange Court Theatre ,Drama Studio London, Grange Court,NA,E09000009,Ealing,51.509917155602686,-0.3054568839768728,517692.002499836,180359.4103029924,12084359,E05000174,Ealing Common,NA,E09000009,12/27/2020
Ealing,Theatres,The Questors Theatre,12 Mattock Ln,NA,NA,E09000009,Ealing,51.51221678004136,-0.31124231002353125,517284.6338120518,180605.86543576815,12084402,E05000192,Walpole,http://www.questors.org.uk/,E09000009,12/27/2020
